日期,确诊病例,无症状感染者,轻型,普通型,重型,危重型,死亡,在院治疗,治愈出院,解除医学观察,尚在医学观察,本土确诊病例,本土无症状感染者,从无症状感染者转归确诊的病例,从闭环隔离中发现的本土病例,从风险人群中发现的本土病例,从闭环隔离中发现的无症状感染者,从风险人群中发现的无症状感染者,本土在院治疗,本土病例出院,本土解除医学观察,本土死亡病例,本土尚在医学观察,境外输入病例,境外输入无症状感染者,境外输入在院治疗,境外输入病例出院,境外输入解除医学观察,境外输入死亡,境外输入尚在医学观察,累计本土确诊,累计治愈出院,累计本土死亡,累计境外输入确诊病例,累计境外输入治愈出院,浦东新区_确诊,徐汇区_确诊,闵行区_确诊,黄浦区_确诊,嘉定区_确诊,松江区_确诊,虹口区_确诊,长宁区_确诊,青浦区_确诊,静安区_确诊,宝山区_确诊,杨浦区_确诊,普陀区_确诊,崇明区_确诊,金山区_确诊,奉贤区_确诊,浦东新区_确诊_来自闭环隔离,徐汇区_确诊_来自闭环隔离,闵行区_确诊_来自闭环隔离,黄浦区_确诊_来自闭环隔离,嘉定区_确诊_来自闭环隔离,松江区_确诊_来自闭环隔离,虹口区_确诊_来自闭环隔离,长宁区_确诊_来自闭环隔离,青浦区_确诊_来自闭环隔离,静安区_确诊_来自闭环隔离,宝山区_确诊_来自闭环隔离,杨浦区_确诊_来自闭环隔离,普陀区_确诊_来自闭环隔离,崇明区_确诊_来自闭环隔离,金山区_确诊_来自闭环隔离,奉贤区_确诊_来自闭环隔离,浦东新区_确诊_来自无症状感染者,徐汇区_确诊_来自无症状感染者,闵行区_确诊_来自无症状感染者,黄浦区_确诊_来自无症状感染者,嘉定区_确诊_来自无症状感染者,松江区_确诊_来自无症状感染者,虹口区_确诊_来自无症状感染者,长宁区_确诊_来自无症状感染者,青浦区_确诊_来自无症状感染者,静安区_确诊_来自无症状感染者,宝山区_确诊_来自无症状感染者,杨浦区_确诊_来自无症状感染者,普陀区_确诊_来自无症状感染者,崇明区_确诊_来自无症状感染者,金山区_确诊_来自无症状感染者,奉贤区_确诊_来自无症状感染者,浦东新区_确诊_来自风险人群,徐汇区_确诊_来自风险人群,闵行区_确诊_来自风险人群,黄浦区_确诊_来自风险人群,嘉定区_确诊_来自风险人群,松江区_确诊_来自风险人群,虹口区_确诊_来自风险人群,长宁区_确诊_来自风险人群,青浦区_确诊_来自风险人群,静安区_确诊_来自风险人群,宝山区_确诊_来自风险人群,杨浦区_确诊_来自风险人群,普陀区_确诊_来自风险人群,崇明区_确诊_来自风险人群,金山区_确诊_来自风险人群,奉贤区_确诊_来自风险人群,浦东新区_无症状,徐汇区_无症状,闵行区_无症状,黄浦区_无症状,嘉定区_无症状,松江区_无症状,虹口区_无症状,长宁区_无症状,青浦区_无症状,静安区_无症状,宝山区_无症状,杨浦区_无症状,普陀区_无症状,崇明区_无症状,金山区_无症状,奉贤区_无症状,浦东新区_无症状_来自闭环隔离,徐汇区_无症状_来自闭环隔离,闵行区_无症状_来自闭环隔离,黄浦区_无症状_来自闭环隔离,嘉定区_无症状_来自闭环隔离,松江区_无症状_来自闭环隔离,虹口区_无症状_来自闭环隔离,长宁区_无症状_来自闭环隔离,青浦区_无症状_来自闭环隔离,静安区_无症状_来自闭环隔离,宝山区_无症状_来自闭环隔离,杨浦区_无症状_来自闭环隔离,普陀区_无症状_来自闭环隔离,崇明区_无症状_来自闭环隔离,金山区_无症状_来自闭环隔离,奉贤区_无症状_来自闭环隔离,浦东新区_无症状_来自风险人群,徐汇区_无症状_来自风险人群,闵行区_无症状_来自风险人群,黄浦区_无症状_来自风险人群,嘉定区_无症状_来自风险人群,松江区_无症状_来自风险人群,虹口区_无症状_来自风险人群,长宁区_无症状_来自风险人群,青浦区_无症状_来自风险人群,静安区_无症状_来自风险人群,宝山区_无症状_来自风险人群,杨浦区_无症状_来自风险人群,普陀区_无症状_来自风险人群,崇明区_无症状_来自风险人群,金山区_无症状_来自风险人群,奉贤区_无症状_来自风险人群,来源
2022-05-06,253,3961,0,0,464,87,13,7709,1664,11626,0,253,3961,175,78,0,3943,18,7699,1663,11626,13,0,0,0,10,1,0,0,0,55384,47157,528,4590,4580,33,19,28,60,3,5,17,7,3,16,21,30,5,1,3,2,19,7,10,16,0,3,6,1,2,1,3,7,2,0,0,1,14,12,18,44,3,2,11,6,1,15,18,23,3,1,3,1,0,0,0,0,0,0,0,0,0,0,0,0,0,0,0,0,551,311,281,567,198,22,262,64,166,468,481,395,72,99,5,19,544,309,281,566,198,19,260,64,166,468,479,395,72,99,4,19,7,2,0,1,0,3,2,0,0,0,2,0,0,0,1,0,https://wsjkw.sh.gov.cn/xwfb/20220507/a37858696cff41e7beea194662fe4492.html
2022-05-05,245,4026,0,0,526,95,12,9133,1390,10407,0,245,4024,181,64,0,4001,23,9122,1390,10406,12,0,0,2,11,0,1,0,0,55131,45494,515,4590,4579,28,9,9,35,9,38,15,1,0,30,19,47,1,3,1,0,17,2,2,3,3,5,12,0,0,8,8,3,0,1,0,0,11,7,7,32,6,33,3,1,0,22,11,44,1,2,1,0,0,0,0,0,0,0,0,0,0,0,0,0,0,0,0,0,649,314,226,737,192,45,252,86,56,485,481,364,78,47,1,11,645,313,226,733,192,41,251,84,56,483,479,362,78,47,1,10,4,1,0,4,0,4,1,2,0,2,2,2,0,0,0,1,https://wsjkw.sh.gov.cn/xwfb/20220506/c682814657024377a49c7bc5745847d4.html
2022-05-04,263,4390,0,0,512,99,13,10290,1739,13133,0,261,4390,185,75,1,4357,33,10279,1739,13133,13,0,2,0,11,0,0,0,0,54886,44104,503,4590,4579,50,13,25,21,4,55,16,5,4,20,19,24,3,1,1,0,23,5,3,3,0,10,11,0,0,9,5,4,2,0,0,0,27,8,22,18,4,44,5,5,4,11,14,20,1,1,1,0,0,0,0,0,0,1,0,0,0,0,0,0,0,0,0,0,839,317,260,754,211,37,310,116,66,525,440,369,88,55,2,1,837,315,260,742,210,35,307,110,66,524,436,369,88,55,2,1,2,2,0,12,1,2,3,6,0,1,4,0,0,0,0,0,https://wsjkw.sh.gov.cn/xwfb/20220505/ee4247315f3b472a81dbd312dfd37ad9.html
2022-05-03,263,4723,0,0,486,95,16,11779,1869,9573,0,260,4722,151,108,1,4660,62,11770,1869,9573,16,0,3,1,9,0,0,0,0,54625,42365,490,4588,4579,49,26,15,27,4,34,11,6,2,17,34,27,8,0,0,0,33,5,3,1,0,27,3,2,0,9,16,6,3,0,0,0,16,21,12,26,4,6,8,4,2,8,18,21,5,0,0,0,0,0,0,0,0,1,0,0,0,0,0,0,0,0,0,0,834,337,237,912,171,56,347,96,41,548,586,394,54,99,4,6,833,335,237,877,170,53,345,92,41,548,580,388,54,98,4,5,1,2,0,35,1,3,2,4,0,0,6,6,0,1,0,1,https://wsjkw.sh.gov.cn/xwfb/20220504/9f609ed5adbe4a59b67ad8512537609b.html
2022-05-02,274,5396,0,0,488,88,20,13401,3982,27124,0,274,5395,155,117,2,5324,71,13395,3981,27121,20,0,0,1,6,1,3,0,0,54365,40496,474,4585,4579,38,38,28,17,4,29,18,4,10,20,33,34,1,0,0,0,24,14,7,3,1,28,5,0,7,5,17,5,1,0,0,0,14,24,21,14,3,1,13,4,3,15,14,29,0,0,0,0,0,0,0,0,0,0,0,0,0,0,2,0,0,0,0,0,1124,379,259,957,275,39,348,147,84,596,603,354,78,135,7,10,1122,376,259,914,275,39,348,141,84,594,591,354,78,134,7,8,2,3,0,43,0,0,0,6,0,2,12,0,0,1,0,2,https://wsjkw.sh.gov.cn/xwfb/20220503/a1722c75171d482b9fc63ae2b7906a07.html
2022-05-01,729,6608,0,0,441,93,32,17129,4242,29468,0,727,6606,529,198,0,6548,58,17122,4242,29468,32,0,2,2,7,0,0,0,0,54091,36515,454,4585,4578,132,71,29,128,14,12,69,33,24,70,94,35,12,1,2,1,18,35,5,3,0,8,58,0,3,34,21,7,5,1,0,0,114,36,24,125,14,4,11,33,21,36,73,28,7,0,2,1,0,0,0,0,0,0,0,0,0,0,0,0,0,0,0,0,1520,371,357,984,254,84,600,210,91,632,889,432,83,75,12,12,1510,368,357,976,254,80,579,210,90,632,878,432,83,75,12,12,10,3,0,8,0,4,21,0,1,0,11,0,0,0,0,0,https://wsjkw.sh.gov.cn/xwfb/20220502/a3ddc49eb75a4b338b6d8721a7ade419.html
2022-04-30,789,7086,0,0,342,61,38,20674,3056,16023,0,788,7084,683,105,0,7084,0,20669,3055,16021,38,0,1,2,5,1,2,0,0,53364,32273,422,4583,4578,37,136,53,110,41,29,47,40,21,110,112,22,27,1,0,2,15,10,3,1,3,10,11,1,2,17,24,2,5,0,0,1,22,126,50,109,38,19,36,39,19,93,88,20,22,1,0,1,0,0,0,0,0,0,0,0,0,0,0,0,0,0,0,0,1588,352,378,1046,218,76,544,141,107,886,1021,320,87,307,11,2,1588,352,378,1046,218,76,544,141,107,886,1021,320,87,307,11,2,0,0,0,0,0,0,0,0,0,0,0,0,0,0,0,0,https://wsjkw.sh.gov.cn/xwfb/20220501/7ab54b3353ce492eb210fa4a0e87c92a.html
2022-04-29,1250,8932,0,0,356,57,47,22979,2807,13605,0,1249,8932,985,264,0,8932,0,22974,2807,13605,47,0,1,0,5,0,0,0,0,52576,29218,384,4582,4577,131,214,144,250,22,24,22,58,46,124,130,27,55,0,1,1,42,50,8,8,9,14,15,4,11,34,26,11,32,0,0,0,89,164,136,242,13,10,7,54,35,90,104,16,23,0,1,1,0,0,0,0,0,0,0,0,0,0,0,0,0,0,0,0,1897,388,372,1149,246,110,993,319,110,1143,1067,740,86,269,18,25,1897,388,372,1149,246,110,993,319,110,1143,1067,740,86,269,18,25,0,0,0,0,0,0,0,0,0,0,0,0,0,0,0,0,https://wsjkw.sh.gov.cn/xwfb/20220430/6e07328e418447668c565185da3d04b0.html
2022-04-28,5489,9547,0,0,318,52,52,24587,2480,14995,0,5487,9545,5062,418,7,9444,101,24579,2480,14994,52,0,2,2,8,0,1,0,0,51327,26411,337,4581,4573,1456,527,70,1370,132,252,469,263,137,349,277,75,96,3,8,3,95,43,21,26,42,20,67,16,5,32,16,13,18,2,1,1,1356,484,49,1344,90,231,402,247,132,316,261,62,78,1,7,2,5,0,0,0,0,1,0,0,0,1,0,0,0,0,0,0,2016,1053,352,1286,356,150,905,384,132,1015,966,733,139,35,20,3,1950,1053,351,1286,356,145,905,384,132,1008,945,733,138,35,20,3,66,0,1,0,0,5,0,0,0,7,21,0,1,0,0,0,https://wsjkw.sh.gov.cn/xwfb/20220429/6f4784c2b0f349ce852fd5cb6e0f1a3b.html
2022-04-27,1292,9332,0,0,304,48,47,21630,2310,24879,0,1292,9330,858,432,2,9140,190,21624,2310,24877,47,0,0,2,6,0,2,0,0,45840,23931,285,4579,4573,534,212,51,135,13,52,68,19,4,32,52,60,24,26,10,0,112,59,17,88,4,2,33,9,1,19,19,35,11,21,2,0,422,151,34,47,9,50,35,10,3,13,33,25,13,5,8,0,0,2,0,0,0,0,0,0,0,0,0,0,0,0,0,0,2459,340,270,1317,279,179,1023,189,204,1057,1063,466,277,173,31,3,2362,334,268,1317,279,177,1001,170,204,1042,1045,466,268,173,31,3,97,6,2,0,0,2,22,19,0,15,18,0,9,0,0,0,https://wsjkw.sh.gov.cn/xwfb/20220428/a4706f24b4ee43b1b800e0839149b6f4.html
2022-04-26,1606,11956,0,0,244,27,48,22695,2640,30534,0,1606,11956,1253,340,13,11798,158,22689,2639,30534,48,0,0,0,6,1,0,0,0,44548,21621,238,4579,4573,206,173,71,301,89,29,37,64,27,145,295,47,104,14,2,2,78,30,48,24,23,0,12,25,5,25,19,24,23,2,1,1,123,142,23,277,66,29,25,39,22,114,275,23,81,12,1,1,5,1,0,0,0,0,0,0,0,6,1,0,0,0,0,0,2539,731,678,927,345,258,1099,355,284,1249,1681,1059,261,453,26,11,2436,716,677,927,345,256,1092,354,284,1246,1658,1059,259,453,25,11,103,15,1,0,0,2,7,1,0,3,23,0,2,0,1,0,https://wsjkw.sh.gov.cn/xwfb/20220427/674fbc38c2f948aaba3eac0039c1fc44.html
2022-04-25,1661,15320,0,0,259,28,52,23777,1943,12872,0,1661,15319,968,675,18,15120,199,23770,1941,12871,52,0,0,1,7,2,1,0,0,42942,18982,190,4579,4572,292,209,61,156,58,108,138,97,44,131,216,65,47,36,0,3,26,36,27,54,44,45,83,43,42,30,140,30,38,36,0,1,266,173,33,101,14,63,51,54,2,100,65,35,9,0,0,2,0,0,1,1,0,0,4,0,0,1,11,0,0,0,0,0,3620,1132,656,2515,485,533,1132,437,335,885,1570,1179,371,438,22,9,3571,1122,650,2515,465,528,1122,434,335,883,1546,1113,367,438,22,9,49,10,6,0,20,5,10,3,0,2,24,66,4,0,0,0,https://wsjkw.sh.gov.cn/xwfb/20220426/d4d847dcf3f64fcab102cf5a65656891.html
2022-04-24,2472,16984,0,0,196,23,51,24111,2451,19523,0,2472,16983,846,1557,69,16835,148,24102,2449,19523,51,0,0,1,9,2,0,0,0,41281,17041,138,4579,4570,874,228,143,317,132,166,106,76,8,142,135,75,43,27,0,0,510,120,83,173,125,35,97,63,5,107,123,51,38,27,0,0,343,101,43,142,3,131,5,11,3,29,10,20,5,0,0,0,21,7,17,2,4,0,4,2,0,6,2,4,0,0,0,0,5307,1168,1086,1438,469,382,549,673,243,1560,2371,1160,434,68,68,7,5255,1159,1070,1437,466,382,542,671,240,1546,2356,1138,431,68,67,7,52,9,16,1,3,0,7,2,3,14,15,22,3,0,1,0,https://wsjkw.sh.gov.cn/xwfb/20220425/e1635e9e319b4c08a9249d3ae930aaa0.html
2022-04-23,1401,19659,0,0,160,19,39,24141,2243,16628,0,1401,19657,541,816,44,19421,236,24130,2242,16626,39,0,0,2,11,1,2,0,0,38809,14592,87,4579,4568,541,91,108,96,73,32,82,69,26,40,135,42,39,26,0,1,202,77,72,42,61,29,49,18,19,36,126,31,29,25,0,0,336,7,30,53,10,2,31,51,1,2,2,5,9,1,0,1,3,7,6,1,2,1,2,0,6,2,7,6,1,0,0,0,7085,1631,769,1863,678,741,737,658,398,431,2751,1235,439,182,44,15,7026,1617,749,1863,670,738,722,641,361,426,2721,1217,439,181,43,7,59,14,20,0,8,3,15,17,37,5,30,18,0,1,1,8,https://wsjkw.sh.gov.cn/xwfb/20220424/a703968c981c4be5ba95cffe96594461.html
2022-04-22,2736,20635,0,0,157,18,12,25022,1879,20769,0,2736,20634,1120,1542,74,20490,144,25010,1875,20768,12,0,0,1,12,4,1,0,0,37408,12350,48,4579,4567,704,123,208,435,76,120,428,164,44,76,179,88,71,14,0,6,519,20,104,167,67,115,113,87,41,64,116,79,36,9,0,5,182,79,92,260,8,3,314,76,2,4,57,6,31,5,0,1,3,24,12,8,1,2,1,1,1,8,6,3,4,0,0,0,7257,1152,1097,2408,424,2448,569,549,315,710,1854,1268,452,103,26,2,7229,1125,1080,2406,419,2446,564,545,302,701,1836,1257,450,103,25,2,28,27,17,2,5,2,5,4,13,9,18,11,2,0,1,0,https://wsjkw.sh.gov.cn/xwfb/20220423/803d2f7447bc44118178241a80c9c73f.html
2022-04-21,1931,15698,0,0,160,24,11,24177,1736,26256,0,1931,15698,143,1685,103,15551,147,24161,1732,26256,11,0,0,0,16,4,0,0,0,34672,10475,36,4579,4563,409,347,153,192,80,22,103,85,60,150,136,54,94,24,8,14,378,258,135,150,77,22,98,83,54,140,123,50,86,19,2,10,14,77,0,25,0,0,1,1,3,1,3,1,2,5,6,4,17,12,18,17,3,0,4,1,3,9,10,3,6,0,0,0,4246,1019,2410,1560,696,471,782,411,325,1914,842,489,395,96,22,20,4226,981,2383,1556,687,469,780,404,311,1906,839,482,389,96,22,20,20,38,27,4,9,2,2,7,14,8,3,7,6,0,0,0,https://wsjkw.sh.gov.cn/xwfb/20220422/9dae3da5611e49b2891b9088387204e6.html
2022-04-20,2635,15863,0,0,139,20,8,23993,1177,19124,0,2634,15861,459,1976,199,15619,242,23973,1173,19124,8,0,1,2,20,4,0,0,0,32741,8743,25,4579,4559,756,191,291,252,82,165,102,123,120,164,107,202,49,8,16,6,575,118,239,207,64,142,67,78,60,128,76,174,27,7,9,5,155,55,26,35,13,22,7,10,56,26,11,23,11,1,7,1,26,18,26,10,5,1,28,35,4,10,20,5,11,0,0,0,3709,1256,1395,2845,567,511,730,603,160,966,726,1803,506,57,1,26,3605,1234,1388,2809,564,505,726,590,157,963,718,1792,485,57,0,26,104,22,7,36,3,6,4,13,3,3,8,11,21,0,1,0,https://wsjkw.sh.gov.cn/xwfb/20220421/8f2a5a016a6c44749eaf01de1b3c6aa7.html
2022-04-19,2495,16408,0,0,52,0,7,22545,1685,25412,0,2494,16407,533,1800,161,16178,229,22522,1682,25411,7,0,1,1,23,3,1,0,0,30107,7568,17,4578,4555,720,144,389,368,104,58,148,53,72,205,41,64,100,25,1,2,464,107,270,257,80,57,122,36,67,182,35,26,77,20,0,0,195,3,111,96,24,1,14,13,4,10,2,36,16,5,1,2,61,34,8,15,0,0,12,4,1,13,4,2,7,0,0,0,4926,1464,1213,2716,639,267,605,565,317,1528,916,702,428,55,8,58,4841,1403,1212,2693,629,265,601,563,310,1502,916,701,423,55,8,56,85,61,1,23,10,2,4,2,7,26,0,1,5,0,0,2,https://wsjkw.sh.gov.cn/xwfb/20220420/751120d41b004438ae78c384f1a15e0e.html
2022-04-18,3084,17334,0,0,21,0,7,21742,1217,22079,0,3084,17332,974,1894,216,16998,334,21717,1211,22075,7,0,0,2,25,6,4,0,0,27613,5886,10,4577,4552,1075,68,312,362,72,191,233,193,77,203,203,64,21,5,3,2,633,35,141,322,62,123,120,69,42,179,94,57,13,0,3,1,388,17,165,5,4,67,83,109,23,3,100,6,1,2,0,1,54,16,6,35,6,1,30,15,12,21,9,1,7,3,0,0,7756,504,1060,2961,516,571,859,487,180,807,827,417,350,21,4,12,7582,483,1050,2878,513,570,853,480,165,803,823,415,349,18,4,12,174,21,10,83,3,1,6,7,15,4,4,2,1,3,0,0,https://wsjkw.sh.gov.cn/xwfb/20220419/2359900232d1440388ca8a482173e22c.html
2022-04-17,2420,19831,0,0,16,0,3,19882,733,19473,0,2417,19831,853,1409,155,19425,406,19851,733,19473,3,0,3,0,31,0,0,0,0,24529,4675,3,4577,4546,521,167,106,186,356,153,266,62,17,127,85,26,330,9,5,1,459,46,65,165,48,150,135,46,14,114,70,15,69,8,4,1,22,107,38,6,304,3,109,0,1,3,8,5,246,0,1,0,40,14,3,15,4,0,22,16,2,10,7,6,15,1,0,0,7219,1386,2296,1710,622,752,900,677,352,715,1365,861,895,43,19,19,7029,1346,2275,1655,614,744,900,658,345,710,1361,856,878,22,18,14,190,40,21,55,8,8,0,19,7,5,4,5,17,21,1,5,https://wsjkw.sh.gov.cn/xwfb/20220418/5d14378ff19443cd82887f378e35066a.html
2022-04-16,3240,21587,0,0,16,0,0,18198,377,10342,0,3238,21582,1177,1754,307,21167,415,18170,373,10337,0,0,2,5,28,4,5,0,0,22112,3942,0,4574,4546,1002,170,890,188,103,87,157,127,46,143,51,84,145,13,9,23,390,142,225,169,73,83,121,113,41,125,40,78,123,7,4,20,476,1,649,6,22,1,0,3,2,0,4,1,1,3,5,3,136,27,16,13,8,3,36,11,3,18,7,5,21,3,0,0,9789,1362,2170,1377,582,323,870,579,259,991,1242,776,1186,36,12,28,9499,1342,2167,1352,577,322,869,566,256,986,1235,775,1163,19,12,27,290,20,3,25,5,1,1,13,3,5,7,1,23,17,0,1,https://wsjkw.sh.gov.cn/xwfb/20220417/00308b74d3b74d9894cf8e7746ac6d3b.html
2022-04-15,3594,19925,0,0,13,0,0,15335,975,19802,0,3590,19923,922,2311,357,19428,495,15305,969,19800,0,0,4,2,30,6,2,0,0,18874,3569,0,4572,4542,1142,277,301,246,173,198,287,233,131,92,74,275,66,51,21,23,924,91,71,232,163,195,101,55,121,82,18,124,44,48,21,21,18,169,198,6,6,0,185,135,1,1,53,147,1,2,0,0,200,17,32,8,4,3,1,43,9,9,3,4,21,1,0,2,9140,1412,1736,1138,568,575,1210,519,405,341,1249,1136,360,41,10,83,8811,1388,1727,1120,558,567,1207,486,394,322,1248,1134,341,34,10,81,329,24,9,18,10,8,3,33,11,19,1,2,19,7,0,2,https://wsjkw.sh.gov.cn/xwfb/20220416/dfbb15a0fe3b401dbead8b10995b3431.html
2022-04-14,3200,19873,0,0,10,0,0,12716,549,8071,0,3200,19872,307,2547,346,19494,378,12684,543,8070,0,0,0,1,32,6,1,0,0,15284,2600,0,4568,4536,1252,293,274,268,200,178,174,148,128,70,50,48,45,29,23,20,1015,126,259,258,98,174,134,135,122,61,29,46,27,25,21,17,78,121,1,4,98,0,0,0,0,0,2,1,0,1,0,1,159,46,14,6,4,4,40,13,6,9,19,1,18,3,2,2,10404,1049,2104,1745,603,583,756,850,176,196,367,769,219,31,5,15,10193,984,2095,1715,600,577,749,837,172,184,366,767,208,29,5,13,211,65,9,30,3,6,7,13,4,12,1,2,11,2,0,2,https://wsjkw.sh.gov.cn/xwfb/20220415/c68d08a1d5ac4ae3b8612559d19d489c.html
2022-04-13,2573,25147,0,0,9,0,0,9650,741,15406,0,2573,25146,114,2200,259,24548,598,9612,737,15406,0,0,0,1,38,4,0,0,0,12476,2857,0,4568,4530,1139,143,372,227,54,131,121,105,99,49,13,54,45,7,12,2,1024,124,295,203,42,122,104,94,53,36,1,51,32,6,12,1,1,1,43,11,8,5,1,0,41,0,1,0,2,0,0,0,114,18,34,13,4,4,16,11,5,13,11,3,11,1,0,1,13888,1349,2567,1181,667,526,1367,852,220,171,638,1131,430,56,22,81,13448,1320,2554,1147,663,519,1366,841,219,160,632,1130,401,47,22,79,440,29,13,34,4,7,1,11,1,11,6,1,29,9,0,2,https://wsjkw.sh.gov.cn/xwfb/20220414/083cc562d92d4641b8acf1eccaf38420.html
2022-04-12,1190,25141,0,0,0,0,0,7818,341,0,224704,1189,25141,23,867,299,24500,641,7776,334,0,0,224691,1,0,42,7,0,0,13,9903,2120,0,4568,4526,192,56,280,74,42,77,83,90,61,75,16,60,50,29,3,1,86,41,257,59,30,73,71,68,53,27,2,52,30,16,2,0,2,1,3,1,11,1,0,0,1,2,0,0,1,0,0,0,104,14,20,14,1,3,12,22,7,46,14,8,19,13,1,1,10857,1052,3965,1730,944,635,848,1043,463,981,279,1099,1120,57,36,32,10539,1020,3947,1673,932,629,827,1036,456,913,265,1091,1057,51,34,30,318,32,18,57,12,6,21,7,7,68,14,8,63,6,2,2,https://mp.weixin.qq.com/s/SQoQiurUqYMz6xOvuBdVWw
2022-04-11,998,22349,0,0,0,0,0,6969,391,0,205634,994,22348,273,439,282,21844,504,6921,379,0,0,205617,4,1,48,12,0,0,17,8714,1786,7,4567,4519,493,48,68,117,43,21,25,25,7,20,47,30,37,6,3,4,286,3,12,87,22,13,4,9,0,0,0,0,0,3,0,0,63,31,19,20,9,5,7,11,4,11,44,18,21,3,3,4,144,14,37,10,12,3,14,5,3,9,3,12,16,0,0,0,7813,1723,2939,2106,165,670,1350,368,324,532,977,1390,1841,51,35,64,7537,1678,2911,2057,151,658,1344,364,316,517,968,1382,1815,50,32,64,276,45,28,49,14,12,6,4,8,15,9,8,26,1,3,0,https://mp.weixin.qq.com/s/eun72mybh5Uy0k2m88ae_Q
2022-04-10,917,25173,0,0,0,0,0,6362,298,0,187010,914,25173,47,564,303,24230,943,6306,291,0,0,186992,3,0,56,7,0,0,18,7720,1407,7,4563,4507,212,46,102,36,71,291,6,5,1,29,21,61,7,0,15,11,82,18,46,12,45,282,0,0,0,0,3,54,0,0,14,8,3,2,10,4,22,0,0,1,0,2,2,0,1,0,0,0,127,26,46,20,4,9,6,4,1,27,16,7,6,0,1,3,6520,3157,3087,1725,1334,1534,1232,382,876,574,1818,1816,994,55,42,27,6169,2922,3047,1564,1324,1530,1206,376,868,560,1804,1804,942,53,38,23,351,235,40,161,10,4,26,6,8,14,14,12,52,2,4,4,https://mp.weixin.qq.com/s/FVqVXKK8EBnUe9sG1Gxq8g
2022-04-09,1015,23939,0,0,0,0,0,5743,227,0,165356,1006,23937,191,228,587,23412,525,5683,217,0,0,165337,9,2,60,10,0,0,19,6806,1116,7,4560,4500,517,44,88,101,21,10,12,26,9,25,36,32,24,4,44,13,92,0,37,59,7,0,0,6,0,3,2,0,0,2,20,0,45,16,20,11,8,9,7,3,7,1,11,13,4,1,23,12,380,28,31,31,6,1,5,17,2,21,23,19,20,1,1,1,10613,1106,4536,447,348,490,337,731,548,577,2225,1048,629,167,24,111,10312,1056,4490,444,341,482,306,716,547,559,2211,1040,614,167,21,106,301,50,46,3,7,8,31,15,1,18,14,8,15,0,3,5,https://mp.weixin.qq.com/s/s_Ylm-oTP-frivKUR6Wo_A
2022-04-08,1017,22611,0,0,0,0,0,4955,119,0,141827,1015,22609,420,301,294,21853,756,4894,110,0,0,141808,2,2,61,9,0,0,19,5800,899,7,4551,4490,348,114,62,41,116,108,18,20,24,42,29,12,21,3,45,12,133,56,0,0,12,87,0,0,9,2,1,0,1,0,0,0,43,38,39,34,101,17,16,11,8,17,22,7,12,1,43,11,172,20,23,7,3,4,2,9,7,23,6,5,8,2,2,1,6938,1515,2792,2566,1389,663,360,594,318,623,2792,689,1073,167,45,85,6622,1314,2753,2532,1362,648,355,591,316,598,2777,671,1026,165,40,83,316,201,39,34,27,15,5,3,2,25,15,18,47,2,5,2,https://wsjkw.sh.gov.cn/xwfb/20220409/52eee46f25a64af1a5f4e1ddb72c4324.html
2022-04-07,828,20401,0,0,0,0,0,4057,57,0,120514,824,20398,323,121,380,19798,600,3989,47,0,0,120494,4,3,68,10,0,0,20,4785,789,7,4549,4481,307,43,95,14,23,107,26,29,4,22,9,29,11,2,72,31,1,0,1,0,0,93,0,0,0,0,0,0,0,0,0,26,55,31,34,8,18,12,18,18,4,17,5,21,5,2,71,4,251,12,60,6,5,2,8,11,0,5,4,8,6,0,1,1,8743,2033,2162,1366,910,644,568,823,489,359,405,572,946,260,57,61,8319,2022,2131,1321,905,638,557,812,486,352,401,559,925,259,51,60,424,11,31,45,5,6,11,11,3,7,4,13,21,1,6,1,https://wsjkw.sh.gov.cn/xwfb/20220408/779c3f24bc7e4f1fb3fef52dbfb51156.html
2022-04-06,329,19661,0,0,0,0,0,3286,47,0,101135,322,19660,15,12,295,19027,633,3212,32,0,0,101116,7,1,74,15,0,0,19,3961,742,7,4545,4471,151,19,21,9,6,2,1,31,4,27,9,12,27,0,3,0,4,0,0,2,0,1,0,0,0,1,0,3,1,0,0,0,8,3,1,0,1,0,0,1,0,1,0,0,0,0,0,0,139,16,20,7,5,1,1,30,4,25,9,9,26,0,3,0,8306,1088,2388,1035,1402,779,667,319,466,518,651,618,1006,63,76,278,7955,1059,2354,996,1375,775,613,305,464,501,634,598,990,62,74,272,351,29,34,39,27,4,54,14,2,17,17,20,16,1,2,6,https://wsjkw.sh.gov.cn/xwfb/20220407/ca59cfd635a045c3b3cc4bd496b6eae2.html
2022-04-05,315,16767,0,0,0,0,0,3004,41,0,82242,311,16766,40,4,267,16256,510,2922,30,0,0,82221,4,1,82,11,0,0,21,3639,710,7,4538,4456,162,23,23,16,11,14,8,6,6,12,7,11,7,2,1,2,1,1,0,0,0,1,0,0,0,0,1,0,0,0,0,0,6,3,9,3,6,5,1,1,0,1,1,1,1,2,0,0,155,19,14,13,5,8,7,5,6,11,5,10,6,0,1,2,7983,897,2914,642,470,782,402,78,378,290,547,612,476,77,76,142,7752,827,2863,607,466,750,393,73,376,273,533,586,467,76,76,138,231,70,51,35,4,32,9,5,2,17,14,26,9,1,0,4,https://wsjkw.sh.gov.cn/xwfb/20220406/9873e70ae1d14cdcb2c9b6e8c9f8a8ba.html
2022-04-04,271,13088,0,0,0,0,0,2730,27,0,65981,268,13086,4,14,250,12592,494,2641,21,0,0,65958,3,2,89,6,0,0,23,3328,680,7,4534,4445,205,8,11,8,4,6,5,1,1,1,1,10,4,0,1,2,6,0,1,1,1,1,2,0,0,0,0,1,1,0,0,0,2,0,2,0,0,0,0,0,0,0,0,0,0,0,0,0,197,8,8,7,3,5,3,1,1,1,1,9,3,0,1,2,6866,1221,1370,962,233,553,603,32,313,49,264,210,250,47,51,62,6518,1193,1339,933,229,544,594,30,309,44,262,200,240,47,50,60,348,28,31,29,4,9,9,2,4,5,2,10,10,0,1,2,https://wsjkw.sh.gov.cn/xwfb/20220405/c80df81fd8904247a218904b8b4a124f.html
2022-04-03,433,8585,0,0,0,0,0,2486,30,0,53443,425,8581,71,7,347,7920,661,2394,24,0,0,53418,8,4,92,6,0,0,25,3060,659,7,4531,4439,140,34,68,14,14,6,11,14,3,29,32,30,21,1,4,4,3,0,0,1,0,0,0,1,0,1,1,0,0,0,0,0,11,7,22,3,5,6,2,0,1,3,9,1,0,0,0,1,126,27,46,10,9,0,9,13,2,25,22,29,21,1,4,3,3514,465,872,810,401,257,177,90,229,309,435,344,300,164,99,115,3308,393,812,773,383,234,157,84,224,264,371,314,243,163,92,105,206,72,60,37,18,23,20,6,5,45,64,30,57,1,7,10,https://wsjkw.sh.gov.cn/xwfb/20220404/b8e4ccf803f0481e84a84507accdb565.html
2022-04-02,444,7789,0,0,0,0,0,2083,31,0,45387,438,7788,73,16,349,6773,1015,1993,22,0,0,45362,6,1,90,9,0,0,25,2635,635,7,4523,4433,108,44,55,27,26,8,30,7,3,26,35,19,39,3,0,8,4,2,0,3,3,1,1,0,0,0,1,0,0,0,0,1,9,7,16,3,5,4,5,4,0,2,6,3,4,3,0,2,95,35,39,21,18,3,24,3,3,24,28,16,35,0,0,5,1930,998,774,632,591,559,312,93,228,298,450,255,349,110,60,149,1825,744,692,485,536,548,174,81,192,261,396,233,290,110,60,146,105,254,82,147,55,11,138,12,36,37,54,22,59,0,0,3,https://wsjkw.sh.gov.cn/xwfb/20220403/58bcd8f1e6ad45c1b190ee81e3c02942.html
2022-04-01,262,6051,0,0,0,0,0,1670,39,0,38190,260,6051,2,8,250,5402,649,1577,23,0,0,38162,2,0,93,16,0,0,28,2197,613,7,4517,4424,79,37,57,5,9,19,3,0,0,11,10,11,13,1,3,2,2,2,0,0,2,0,0,0,0,0,0,0,2,0,0,0,0,0,0,0,0,0,0,0,0,0,1,1,0,0,0,0,77,35,57,5,7,19,3,0,0,11,9,10,11,1,3,2,2505,602,986,255,191,474,58,37,87,178,35,123,232,83,46,159,2426,385,833,238,164,453,43,32,76,147,16,106,198,83,46,156,79,217,153,17,27,21,15,5,11,31,19,17,34,0,0,3,https://wsjkw.sh.gov.cn/xwfb/20220402/7e9cc0574a4d4ef482c21286762c56fa.html
2022-03-31,365,4145,0,0,0,0,0,1447,26,0,32679,358,4144,20,8,330,3710,434,1340,12,0,0,32648,7,1,107,14,0,0,31,1937,590,7,4515,4408,180,20,59,7,7,5,8,43,1,4,4,5,6,1,3,5,5,1,0,1,0,0,0,0,0,1,0,0,0,0,0,0,2,2,7,1,1,1,0,1,1,0,0,2,2,0,0,0,173,17,52,5,6,4,8,42,0,3,4,3,4,1,3,5,2227,206,333,114,47,179,120,213,94,160,13,169,9,43,39,178,2080,184,273,92,36,146,96,179,73,147,5,156,5,27,38,173,147,22,60,22,11,33,24,34,21,13,8,13,4,16,1,5,https://wsjkw.sh.gov.cn/xwfb/20220401/f08047a77e7347edafed1bdbb46e2547.html
2022-03-30,358,5299,0,0,0,0,0,1108,29,0,28894,355,5298,16,10,329,4477,821,994,20,0,0,28860,3,1,114,9,0,0,34,1579,578,7,4508,4394,249,15,19,16,9,8,1,8,5,8,1,3,6,0,0,7,2,0,1,3,0,1,0,0,0,1,0,1,1,0,0,0,1,0,0,0,1,1,0,6,2,0,0,0,2,0,0,3,246,15,18,13,8,6,1,2,3,7,1,2,3,0,0,4,1958,389,761,345,149,238,83,120,72,94,503,97,140,193,33,123,1660,294,680,275,108,211,29,108,63,78,485,91,111,191,30,63,298,95,81,70,41,27,54,12,9,16,18,6,29,2,3,60,https://wsjkw.sh.gov.cn/xwfb/20220331/81df7d8493ad493c8ca301bcfaa348ea.html
2022-03-29,329,5658,0,0,0,0,0,779,45,0,23933,326,5656,18,17,291,5131,525,659,30,0,0,23896,3,2,120,15,0,0,37,1224,558,7,4505,4385,169,34,29,6,9,15,7,3,0,8,33,3,6,1,2,1,4,5,4,0,0,2,0,1,0,0,1,0,0,0,0,0,3,4,5,0,2,0,0,0,0,1,2,0,1,0,0,0,162,25,20,6,7,13,7,2,0,7,30,3,5,1,2,1,2014,1066,959,104,246,214,66,27,87,167,330,96,107,54,24,95,1822,968,914,57,233,210,49,27,85,156,270,88,99,53,23,77,192,98,45,47,13,4,17,0,2,11,60,8,8,1,1,18,https://wsjkw.sh.gov.cn/xwfb/20220330/875ac4e3116341c1ab706b7b77a7ef31.html
2022-03-28,107,4382,0,0,0,0,0,495,28,0,18568,96,4381,21,7,68,3824,557,363,17,0,0,18531,11,1,132,11,0,0,37,898,528,7,4502,4370,39,1,9,1,2,4,4,7,2,10,8,0,3,0,1,0,6,0,0,0,0,0,0,0,0,0,1,0,0,0,0,0,0,1,7,1,0,2,2,0,0,7,0,0,1,0,0,0,33,0,2,0,2,2,2,7,2,3,7,0,2,0,1,0,2467,85,361,282,207,90,4,108,55,94,303,47,78,67,18,115,2100,60,335,266,172,81,1,99,51,90,291,41,53,67,17,100,367,25,26,16,35,9,3,9,4,4,12,6,25,0,1,15,https://wsjkw.sh.gov.cn/xwfb/20220329/147ddbec518c4d26b5b4a4492dbf0650.html
2022-03-27,60,3454,0,0,0,0,0,416,37,170,14414,50,3450,0,17,33,2833,617,284,18,169,0,14376,10,4,132,19,1,0,38,802,511,7,4491,4359,4,6,20,1,3,1,1,0,0,5,5,0,4,0,0,0,2,0,15,0,0,0,0,0,0,0,0,0,0,0,0,0,0,0,0,0,0,0,0,0,0,0,0,0,0,0,0,0,2,6,5,1,3,1,1,0,0,5,5,0,4,0,0,0,1425,271,599,55,248,189,26,45,43,65,89,35,66,236,13,45,1003,218,559,49,236,174,22,41,35,61,74,26,49,236,10,40,422,53,40,6,12,15,4,4,8,4,15,9,17,0,3,5,https://wsjkw.sh.gov.cn/xwfb/20220328/910b5fe239e44c24a2ca95b4e6483877.html
2022-03-26,51,2633,0,0,0,0,0,393,33,214,11130,45,2631,0,27,18,2363,268,252,17,210,0,11095,6,2,141,16,4,0,35,752,493,7,4481,4340,1,5,15,0,9,0,1,2,0,3,6,2,1,0,0,0,0,1,14,0,8,0,1,0,0,1,1,1,0,0,0,0,0,0,0,0,0,0,0,0,0,0,0,0,0,0,0,0,1,4,1,0,1,0,0,2,0,2,5,1,1,0,0,0,322,326,957,160,233,79,49,27,22,105,147,21,68,27,4,84,267,291,885,144,226,70,36,20,20,99,128,13,53,26,4,81,55,35,72,16,7,9,13,7,2,6,19,8,15,1,0,3,https://wsjkw.sh.gov.cn/xwfb/20220327/d890a58b77654f1fac71dad84eedce4c.html
2022-03-25,47,2233,0,0,0,0,0,375,21,110,8711,38,2231,0,3,35,1773,458,224,13,102,0,8674,9,2,151,8,8,0,37,707,476,7,4475,4324,31,1,4,0,0,1,0,0,0,0,0,0,1,0,0,0,2,0,1,0,0,0,0,0,0,0,0,0,0,0,0,0,1,1,1,0,0,1,0,0,0,0,0,0,1,0,0,0,28,0,2,0,0,0,0,0,0,0,0,0,0,0,0,0,1883,2,202,23,19,14,4,4,13,2,4,11,8,41,1,0,1453,2,195,12,19,13,0,2,13,2,3,11,6,41,1,0,430,0,7,11,0,1,4,2,0,0,1,0,2,0,0,0,https://wsjkw.sh.gov.cn/xwfb/20220326/210fddd35d1248308b02acaa25950e09.html
2022-03-24,41,1585,0,0,0,0,0,349,63,209,6593,29,1580,0,12,17,1455,125,199,26,200,0,6550,12,5,150,37,9,0,43,669,463,7,4466,4316,12,2,0,0,1,0,0,0,0,8,3,1,2,0,0,0,11,0,0,0,0,0,0,0,0,1,0,0,0,0,0,0,0,0,0,0,0,0,0,0,0,0,0,0,0,0,0,0,1,2,0,0,1,0,0,0,0,7,3,1,2,0,0,0,181,165,490,102,129,92,29,59,13,62,84,20,36,82,12,24,172,143,467,86,127,83,14,48,13,58,83,17,34,82,10,18,9,22,23,16,2,9,15,11,0,4,1,3,2,0,2,6,https://wsjkw.sh.gov.cn/xwfb/20220325/f2f2ffe5d70047c5bdc295baf6f211ec.html
2022-03-23,14,982,0,0,0,0,0,371,81,230,5217,4,979,0,4,0,878,101,196,27,217,0,5170,10,3,175,54,13,0,47,640,437,7,4454,4279,0,0,2,0,1,0,0,0,0,0,0,0,0,0,0,1,0,0,2,0,1,0,0,0,0,0,0,0,0,0,0,1,0,0,0,0,0,0,0,0,0,0,0,0,0,0,0,0,0,0,0,0,0,0,0,0,0,0,0,0,0,0,0,0,218,106,254,20,68,34,26,11,10,48,69,11,34,54,5,11,185,99,235,17,65,32,23,9,10,46,52,7,30,52,5,11,33,7,19,3,3,2,3,2,0,2,17,4,4,2,0,0,https://wsjkw.sh.gov.cn/xwfb/20220324/197cda6414014e408b25537f0fd8cd97.html
2022-03-22,14,981,0,0,0,0,0,438,23,79,4465,4,977,0,3,1,886,91,219,6,74,0,4408,10,4,219,17,5,0,57,636,410,7,4444,4225,0,2,0,0,2,0,0,0,0,0,0,0,0,0,0,0,0,1,0,0,2,0,0,0,0,0,0,0,0,0,0,0,0,0,0,0,0,0,0,0,0,0,0,0,0,0,0,0,0,1,0,0,0,0,0,0,0,0,0,0,0,0,0,0,237,85,305,59,109,31,13,19,20,28,16,3,21,19,4,8,200,77,285,57,105,31,11,16,19,25,11,2,17,19,4,7,37,8,20,2,4,0,2,3,1,3,5,1,4,0,0,1,https://wsjkw.sh.gov.cn/xwfb/20220323/560de9823a914bda8e0fb31a7b91cccf.html
2022-03-21,39,868,0,0,0,0,0,447,140,186,3563,31,865,0,30,1,749,116,221,8,153,0,3505,8,3,226,132,33,0,58,632,404,7,4434,4208,6,4,10,0,5,1,0,0,0,0,0,0,1,2,1,1,6,4,10,0,5,1,0,0,0,0,0,0,1,1,1,1,0,0,0,0,0,0,0,0,0,0,0,0,0,0,0,0,0,0,0,0,0,0,0,0,0,0,0,0,0,1,0,0,163,126,112,49,98,38,23,26,5,44,67,10,30,38,15,21,122,107,103,44,96,30,23,23,4,38,61,9,23,34,14,18,41,19,9,5,2,8,0,3,1,6,6,1,7,4,1,3,https://wsjkw.sh.gov.cn/xwfb/20220322/92cb33af745b4740be7edf66f086bad2.html
2022-03-20,41,736,0,0,0,0,0,548,44,53,2881,24,734,0,22,2,652,82,198,1,40,0,2793,17,2,350,43,13,0,88,601,396,7,4426,4076,1,1,18,2,1,0,0,1,0,0,0,0,0,0,0,0,1,0,18,2,1,0,0,0,0,0,0,0,0,0,0,0,0,0,0,0,0,0,0,0,0,0,0,0,0,0,0,0,0,1,0,0,0,0,0,1,0,0,0,0,0,0,0,0,219,45,247,40,39,9,12,12,4,32,13,8,18,12,11,13,189,39,218,36,37,7,11,11,4,31,11,6,17,12,11,12,30,6,29,4,2,2,1,1,0,1,2,2,1,0,0,1,https://wsjkw.sh.gov.cn/xwfb/20220321/edd50169c9244fca9bf864013dc0da81.html
2022-03-19,22,494,0,0,0,0,0,551,121,68,2198,17,492,6,9,2,232,260,175,10,44,0,2099,5,2,376,111,24,0,99,577,395,7,4409,4033,8,0,4,0,2,0,1,0,0,0,1,0,0,1,0,0,6,0,0,0,0,0,1,0,0,0,1,0,0,1,0,0,0,0,4,0,2,0,0,0,0,0,0,0,0,0,0,0,2,0,0,0,0,0,0,0,0,0,0,0,0,0,0,0,127,61,49,36,79,16,6,12,5,15,16,14,25,22,3,6,45,20,1,25,47,12,6,0,0,5,13,12,17,22,3,4,82,41,48,11,32,4,0,12,5,10,3,2,8,0,0,2,https://wsjkw.sh.gov.cn/xwfb/20220320/309cf8bf03ed462bb59d5c783d2c61aa.html
2022-03-18,20,372,0,0,0,0,0,650,26,15,1778,8,366,0,4,4,178,188,168,0,6,0,1657,12,6,482,26,9,0,121,560,385,7,4404,3922,2,1,1,0,0,1,0,0,0,0,1,0,0,0,2,0,0,0,1,0,0,1,0,0,0,0,1,0,0,0,1,0,0,0,0,0,0,0,0,0,0,0,0,0,0,0,0,0,2,1,0,0,0,0,0,0,0,0,0,0,0,0,1,0,65,39,58,15,44,12,19,7,16,12,26,8,23,0,15,7,36,17,36,6,11,7,12,2,1,8,17,3,14,0,7,1,29,22,22,9,33,5,7,5,15,4,9,5,9,0,8,6,https://wsjkw.sh.gov.cn/xwfb/20220319/08e4bb662feb464ca93e6cf19caf5a3b.html
2022-03-17,67,205,0,0,0,0,0,656,54,38,1421,57,203,0,2,55,103,100,160,0,12,0,1297,10,2,496,54,26,0,124,552,385,7,4392,3896,24,8,4,7,5,0,1,0,0,1,5,0,1,0,0,0,0,0,1,1,0,0,0,0,0,0,0,0,0,0,0,0,0,0,0,0,0,0,0,0,0,0,0,0,0,0,0,0,24,8,3,6,5,0,1,0,0,1,5,0,1,0,0,0,11,28,78,12,30,10,6,1,1,3,9,2,6,3,1,2,5,9,64,0,3,9,5,0,0,0,2,2,3,0,0,1,6,19,14,12,27,1,1,1,1,3,7,0,3,3,1,1,https://wsjkw.sh.gov.cn/xwfb/20220318/dc6e1aca667a45a682f32ac514c6062e.html
2022-03-16,23,156,0,0,0,0,0,643,33,19,1254,8,150,1,1,6,69,81,103,0,4,0,1106,15,6,540,33,15,0,148,495,385,7,4382,3842,0,2,1,1,4,0,0,0,0,0,0,0,0,0,0,0,0,1,0,1,0,0,0,0,0,0,0,0,0,0,0,0,0,0,1,0,0,0,0,0,0,0,0,0,0,0,0,0,0,1,0,0,4,0,0,0,0,0,0,0,0,0,0,0,44,5,17,8,37,4,10,3,1,3,10,2,3,0,0,2,23,0,7,2,15,4,7,1,1,0,5,0,2,0,0,2,21,5,10,6,22,0,3,2,0,3,5,2,1,0,0,0,https://wsjkw.sh.gov.cn/xwfb/20220317/46f73d4d70b54982b04c925eea6cb031.html
2022-03-15,15,198,0,0,0,0,0,653,33,13,1118,5,197,0,4,1,135,62,95,0,3,0,961,10,1,558,33,10,0,157,487,385,7,4367,3809,2,1,1,0,0,0,0,0,0,0,0,0,0,0,0,1,1,1,1,0,0,0,0,0,0,0,0,0,0,0,0,1,0,0,0,0,0,0,0,0,0,0,0,0,0,0,0,0,1,0,0,0,0,0,0,0,0,0,0,0,0,0,0,0,39,23,26,12,21,11,6,4,6,10,11,2,9,0,8,4,30,13,17,9,14,7,5,3,3,9,7,1,5,0,7,4,9,10,9,3,7,4,1,1,3,1,4,1,4,0,1,0,https://wsjkw.sh.gov.cn/xwfb/20220316/18a627b694eb471f9a415dfa20b6d0b4.html
2022-03-14,21,133,0,0,0,0,0,671,15,9,933,9,130,0,5,4,102,28,90,0,1,0,767,12,3,581,15,8,0,166,482,385,7,4357,3776,1,2,2,2,0,1,1,0,0,0,0,0,0,0,0,0,0,2,1,1,0,0,1,0,0,0,0,0,0,0,0,0,0,0,0,0,0,0,0,0,0,0,0,0,0,0,0,0,1,0,1,1,0,1,0,0,0,0,0,0,0,0,0,0,22,10,24,21,23,9,3,1,0,6,2,1,0,0,4,3,13,9,19,18,21,9,1,1,0,5,1,0,0,0,3,1,9,1,5,3,2,0,2,0,0,1,1,1,0,0,1,2,https://wsjkw.sh.gov.cn/xwfb/20220315/e2b0122c52304fe0a41a8b726b3413d2.html
2022-03-13,57,130,0,0,0,0,0,665,33,5,809,41,128,2,0,39,90,38,81,0,0,0,638,16,2,584,33,5,0,171,473,385,7,4345,3761,5,4,12,3,6,1,1,3,2,6,0,0,1,0,2,1,4,4,6,1,5,1,1,2,0,5,0,0,1,0,1,1,0,0,3,0,1,0,0,1,0,0,0,0,0,0,1,0,1,0,3,2,0,0,0,0,2,1,0,0,0,0,0,0,34,14,20,9,14,7,4,2,2,4,3,3,5,0,6,1,22,8,15,7,13,5,2,2,1,3,3,1,2,0,5,1,12,6,5,2,1,2,2,0,1,1,0,2,3,0,1,0,https://wsjkw.sh.gov.cn/xwfb/20220314/ea83d1b33a2e40fea7de115c16cbae8a.html
2022-03-12,14,65,0,0,0,0,0,641,26,11,686,1,64,0,0,0,60,4,40,0,0,0,512,13,1,601,26,11,0,174,432,385,7,4329,3728,0,0,0,0,0,0,0,0,0,0,0,0,0,0,0,0,0,0,0,0,0,0,0,0,0,0,0,0,0,0,0,0,0,0,0,0,0,0,0,0,0,0,0,0,0,0,0,0,0,0,0,0,0,0,0,0,0,0,0,0,0,0,0,0,68,2,20,6,6,2,0,4,0,4,6,0,0,0,8,0,32,1,10,3,3,1,0,1,0,2,3,0,0,0,4,0,2,0,0,0,0,0,0,1,0,0,0,0,0,0,0,0,https://wsjkw.sh.gov.cn/xwfb/20220313/ac598c0104ad49f8913df20d794d68d1.html
2022-03-11,27,87,0,0,0,0,0,653,20,3,632,5,78,0,0,0,57,21,39,0,0,0,448,22,9,614,20,3,0,184,431,385,7,4316,3702,0,2,0,0,1,0,0,0,0,0,2,0,0,0,0,0,0,2,0,0,1,0,0,0,0,0,1,0,0,0,0,0,0,0,0,0,0,0,0,0,0,0,0,0,0,0,0,0,0,0,0,0,0,0,0,0,0,0,1,0,0,0,0,0,8,10,17,5,11,5,2,1,1,3,7,0,1,0,4,1,7,6,11,3,11,4,2,1,1,2,6,0,1,0,0,0,1,4,6,2,0,1,0,0,0,1,1,0,0,0,4,1,https://wsjkw.sh.gov.cn/xwfb/20220312/559cc1eb3e9646b6a08b28ce340a3463.html
2022-03-10,43,74,0,0,0,0,0,646,17,7,548,11,64,0,0,0,0,0,34,0,0,0,370,32,10,612,17,7,0,178,426,385,7,4294,3682,1,0,0,0,0,0,2,0,1,0,0,0,0,0,0,0,1,0,0,0,0,0,2,0,1,0,0,0,0,0,0,0,0,0,0,0,0,0,0,0,0,0,0,0,0,0,0,0,0,0,0,0,0,0,0,0,0,0,0,0,0,0,0,0,6,7,12,1,4,8,4,1,3,2,8,0,3,0,0,0,5,6,12,1,4,8,4,1,3,1,8,0,3,0,0,0,1,1,0,0,0,0,0,0,0,1,0,0,0,0,0,0,https://wsjkw.sh.gov.cn/xwfb/20220311/a7bb01fac3664085a882d46dc4e194ba.html
2022-03-09,46,92,0,0,0,0,0,620,18,13,481,4,76,0,0,0,0,0,23,0,1,0,306,42,16,597,18,12,0,175,415,385,7,4262,3665,0,0,1,0,0,0,0,0,0,0,0,0,0,0,0,0,0,0,1,0,0,0,0,0,0,0,0,0,0,0,0,0,0,0,0,0,0,0,0,0,0,0,0,0,0,0,0,0,0,0,0,0,0,0,0,0,0,0,0,0,0,0,0,0,8,1,8,0,1,2,3,1,0,3,1,1,1,0,0,0,7,1,5,0,1,2,0,0,0,1,1,0,0,0,0,0,1,0,3,0,0,0,3,1,0,2,0,1,1,0,0,0,https://wsjkw.sh.gov.cn/xwfb/20220310/c7a3763da0cd46cbb563df4064ee1a15.html
2022-03-08,29,72,0,0,0,0,0,592,32,7,402,3,62,0,0,0,0,0,19,0,0,0,231,26,10,573,32,7,0,171,411,385,7,4220,3647,0,0,1,0,0,0,0,0,0,0,0,0,0,0,0,0,0,0,1,0,0,0,0,0,0,0,0,0,0,0,0,0,0,0,0,0,0,0,0,0,0,0,0,0,0,0,0,0,0,0,0,0,0,0,0,0,0,0,0,0,0,0,0,0,3,8,6,0,2,2,0,1,0,1,7,0,2,0,0,0,3,8,6,0,2,2,0,1,0,1,7,0,2,0,0,0,0,0,0,0,0,0,0,0,0,0,0,0,0,0,0,0,https://wsjkw.sh.gov.cn/xwfb/20220309/077a50ff4cf4422d836e857126008ff6.html
2022-03-07,40,61,0,0,0,0,0,595,27,10,337,4,51,0,0,0,0,0,16,0,0,0,169,36,10,579,27,10,0,168,408,385,7,4194,3615,0,3,0,0,0,0,0,0,0,0,0,0,1,0,0,0,0,3,0,0,0,0,0,0,0,0,0,0,1,0,0,0,0,0,0,0,0,0,0,0,0,0,0,0,0,0,0,0,0,0,0,0,0,0,0,0,0,0,0,0,0,0,0,0,2,10,11,0,1,1,1,0,0,0,5,0,0,0,1,0,2,10,11,0,1,1,1,0,0,0,5,0,0,0,1,0,0,0,0,0,0,0,0,0,0,0,0,0,0,0,0,0,https://wsjkw.sh.gov.cn/xwfb/20220308/a2f9fa49a4274509a1a42fa871bf77ee.html
2022-03-06,35,61,0,0,0,0,0,582,65,16,286,3,45,0,0,0,0,0,12,0,0,0,118,32,16,570,65,16,0,168,404,385,7,4158,3588,1,2,0,0,0,0,0,0,0,0,0,0,0,0,0,0,1,2,0,0,0,0,0,0,0,0,0,0,0,0,0,0,0,0,0,0,0,0,0,0,0,0,0,0,0,0,0,0,0,0,0,0,0,0,0,0,0,0,0,0,0,0,0,0,0,2,2,1,1,0,0,0,0,1,4,0,5,0,0,2,0,2,2,1,1,0,0,0,0,1,4,0,5,0,0,2,0,0,0,0,0,0,0,0,0,0,0,0,0,0,0,0,https://wsjkw.sh.gov.cn/xwfb/20220307/6490dbd707674b278f40159595aa5cd9.html
2022-03-05,25,38,0,0,0,0,0,612,8,4,241,0,28,0,0,0,0,0,9,0,0,0,73,25,10,603,8,4,0,168,401,385,7,4126,3523,0,0,0,0,0,0,0,0,0,0,0,0,0,0,0,0,0,0,0,0,0,0,0,0,0,0,0,0,0,0,0,0,0,0,0,0,0,0,0,0,0,0,0,0,0,0,0,0,0,0,0,0,0,0,0,0,0,0,0,0,0,0,0,0,0,0,0,0,0,0,0,0,0,0,0,0,0,0,0,0,0,0,0,0,0,0,0,0,0,0,0,0,0,0,0,0,0,0,0,0,0,0,0,0,0,0,0,0,0,0,0,0,https://wsjkw.sh.gov.cn/xwfb/20220306/ce44bea5ad8e41bf85165cdf35c84bdb.html
2022-03-04,27,26,0,0,0,0,0,595,12,0,207,3,16,0,0,0,0,0,9,0,0,0,45,24,10,586,12,0,0,162,401,385,7,4101,3515,0,0,0,0,0,0,0,0,0,0,0,0,0,0,0,0,0,0,0,0,0,0,0,0,0,0,0,0,0,0,0,0,0,0,0,0,0,0,0,0,0,0,0,0,0,0,0,0,0,0,0,0,0,0,0,0,0,0,0,0,0,0,0,0,0,0,0,0,0,0,0,0,0,0,0,0,0,0,0,0,0,0,0,0,0,0,0,0,0,0,0,0,0,0,0,0,0,0,0,0,0,0,0,0,0,0,0,0,0,0,0,0,https://wsjkw.sh.gov.cn/xwfb/20220305/1fd23e48cc4f479ea8fc56c9e1052759.html
2022-03-03,45,35,0,0,0,0,0,580,9,1,181,2,14,0,0,0,0,0,6,0,0,0,29,43,21,574,9,1,0,152,398,385,7,4077,3503,0,0,0,0,0,0,0,0,0,0,0,0,0,0,0,0,0,0,0,0,0,0,0,0,0,0,0,0,0,0,0,0,0,0,0,0,0,0,0,0,0,0,0,0,0,0,0,0,0,0,0,0,0,0,0,0,0,0,0,0,0,0,0,0,0,0,0,0,0,0,0,0,0,0,0,0,0,0,0,0,0,0,0,0,0,0,0,0,0,0,0,0,0,0,0,0,0,0,0,0,0,0,0,0,0,0,0,0,0,0,0,0,https://wsjkw.sh.gov.cn/xwfb/20220304/164e0c9e7efe41fd91d6eb9e10967cdb.html
2022-03-02,42,24,0,0,0,0,0,544,8,2,147,3,5,0,0,0,0,0,4,0,0,0,15,39,19,540,8,2,0,132,396,385,7,4034,3494,0,0,0,0,0,0,0,0,0,0,0,0,0,0,0,0,0,0,0,0,0,0,0,0,0,0,0,0,0,0,0,0,0,0,0,0,0,0,0,0,0,0,0,0,0,0,0,0,0,0,0,0,0,0,0,0,0,0,0,0,0,0,0,0,0,0,0,0,0,0,0,0,0,0,0,0,0,0,0,0,0,0,0,0,0,0,0,0,0,0,0,0,0,0,0,0,0,0,0,0,0,0,0,0,0,0,0,0,0,0,0,0,https://wsjkw.sh.gov.cn/xwfb/20220303/c44474f0577a4e829896aadf668045b7.html
2022-03-01,38,18,0,0,0,0,0,510,8,1,125,1,1,0,0,0,0,0,1,0,1,0,10,37,17,509,8,0,0,115,393,385,7,3995,3486,0,0,0,0,0,0,0,0,0,0,0,0,0,0,0,0,0,0,0,0,0,0,0,0,0,0,0,0,0,0,0,0,0,0,0,0,0,0,0,0,0,0,0,0,0,0,0,0,0,0,0,0,0,0,0,0,0,0,0,0,0,0,0,0,0,0,0,0,0,0,0,0,0,0,0,0,0,0,0,0,0,0,0,0,0,0,0,0,0,0,0,0,0,0,0,0,0,0,0,0,0,0,0,0,0,0,0,0,0,0,0,0,https://wsjkw.sh.gov.cn/xwfb/20220302/e0c9d63937ed4cfba163c3c97ae05e1d.html
2022-02-28,40,15,0,0,0,0,0,480,12,0,108,0,3,0,0,0,0,0,0,0,0,0,10,40,12,480,12,0,0,98,392,385,7,3958,3478,0,0,0,0,0,0,0,0,0,0,0,0,0,0,0,0,0,0,0,0,0,0,0,0,0,0,0,0,0,0,0,0,0,0,0,0,0,0,0,0,0,0,0,0,0,0,0,0,0,0,0,0,0,0,0,0,0,0,0,0,0,0,0,0,0,0,0,0,0,0,0,0,0,0,0,0,0,0,0,0,0,0,0,0,0,0,0,0,0,0,0,0,0,0,0,0,0,0,0,0,0,0,0,0,0,0,0,0,0,0,0,0,https://wsjkw.sh.gov.cn/xwfb/20220301/b992a70472604bb7b72c86489baa1f7d.html
